step	fsdp2_warmup15_loss	ds_baseline_loss	loss_abs	loss_pct	fsdp2_warmup15_grad	ds_baseline_grad	grad_abs	grad_pct	fsdp2_warmup15_lr	ds_baseline_lr	fsdp2_warmup15_tok	ds_baseline_tok
1	2.03022385	2.02941513	0.000808720000000207	0.00039849904932964954	155.0	66.47613525	88.52386475	1.3316638281856195	1.33e-06	1.33e-06	38498	38498
2	2.0351181	2.03606415	-0.0009460500000000316	-0.00046464646018153777	44.75	49.21046448	-4.460464479999999	-0.09064056856876063	2.67e-06	2.67e-06	74566	74566
3	1.7583046	1.75942993	-0.0011253300000000355	-0.0006395992138203739	36.0	36.51027679	-0.5102767899999989	-0.013976250931621572	4e-06	4e-06	25739	25739
4	2.30304909	2.26591492	0.037134169999999855	0.016388157239372366	50.5	62.9544487	-12.4544487	-0.19783270217089519	5.33e-06	5.33e-06	32353	32353
5	2.12286377	1.96479797	0.15806579999999992	0.08044888197843564	49.25	45.04483032	4.205169679999997	0.09335521191058617	6.67e-06	6.67e-06	66302	66302
6	1.76387024	1.58998871	0.17388152999999984	0.10936022935659702	66.0	24.37308884	41.62691116	1.7079046251898862	8e-06	8e-06	44459	44459
7	1.79131699	1.4672966	0.32402039000000005	0.22082814749247018	34.5	7.53219128	26.96780872	3.5803403973033463	9.33e-06	9.33e-06	34223	34223
8	1.46975708	1.28025055	0.18950652999999984	0.14802300221624573	30.375	11.86321068	18.51178932	1.5604366995866248	1.067e-05	1.067e-05	28101	28101
9	1.59105682	1.66692352	-0.07586670000000018	-0.0455130058996349	24.25	37.98218918	-13.732189179999999	-0.3615428567037641	1.2e-05	1.2e-05	66587	66587
10	1.50756073	1.6144104	-0.1068496699999999	-0.06618494900677047	34.0	18.92869186	15.07130814	0.7962149868289947	1.333e-05	1.333e-05	67200	67200
11	1.55883789	1.62076902	-0.061931130000000056	-0.0382109537113438	7.75	14.53076172	-6.780761719999999	-0.46664874496338515	1.467e-05	1.467e-05	39476	39476
12	1.56606722	1.56233835	0.0037288699999999952	0.0023867237208892653	988.0	8.68418121	979.31581879	112.77008103680508	1.6e-05	1.6e-05	59876	59876
13	1.5144577	1.46458244	0.049875259999999866	0.03405425235058797	27.75	6.256814	21.493186	3.4351646061398022	1.733e-05	1.733e-05	58481	58481
14	1.43426323	1.34105778	0.09320544999999991	0.06950144236141705	31.5	28.1791954	3.320804599999999	0.11784596944169665	1.867e-05	1.867e-05	30234	30234
